{"inputs": {"X": 0.6813387656082529, "Y": 0.8008032037961762, "Z": 0.5}, "outputs": {"X+Y+Z": 1.982141969404429, "X*Y*Z": 0.2728091331848104}}