{"inputs": {"X": 0.7925772161604203, "Y": 0.7797634952801304, "Z": 0.5}, "outputs": {"X+Y+Z": 2.0723407114405505, "X*Y*Z": 0.3090113901763224}}