{"inputs": {"X": 0.12385397424303413, "Y": 0.6779274537123277, "Z": 0.5}, "outputs": {"X+Y+Z": 1.301781427955362, "X*Y*Z": 0.04198200469536617}}