{"inputs": {"X": 0.2650343731119592, "Y": 0.2254352360808659, "Z": 0.5}, "outputs": {"X+Y+Z": 0.9904696091928251, "X*Y*Z": 0.029874043236019412}}