{"inputs": {"X": 0.43154834485799853, "Y": 0.7302029624880102, "Z": 0.5}, "outputs": {"X+Y+Z": 1.6617513073460088, "X*Y*Z": 0.157558939936054}}