{"inputs": {"X": 0.8972173043596792, "Y": 0.7038445058018811, "Z": 0.5}, "outputs": {"X+Y+Z": 2.10106181016156, "X*Y*Z": 0.31575073509196716}}